timestamp,X,Y,Z,F
2025-01-01T00:00:00Z,30000.0,-1000.0,43000.0,43040.0
2025-01-01T01:00:00Z,30010.0,-1001.0,43010.0,43051.0
2025-01-01T02:00:00Z,30020.0,-1002.0,43020.0,43062.0
2025-01-01T03:00:00Z,30030.0,-1003.0,43030.0,43073.0
2025-01-01T04:00:00Z,30040.0,-1004.0,43040.0,43084.0
2025-01-01T05:00:00Z,30050.0,-1005.0,43050.0,43095.0
2025-01-01T06:00:00Z,30060.0,-1006.0,43060.0,43106.0
2025-01-01T07:00:00Z,30070.0,-1007.0,43070.0,43117.0
2025-01-01T08:00:00Z,30080.0,-1008.0,43080.0,43128.0
2025-01-01T09:00:00Z,30090.0,-1009.0,43090.0,43139.0
