timestamp,rx_call,tx_call,band,snr,frequency
2025-01-01T00:00:00Z,RX1,TX1,20m,-12.0,14.097100
2025-01-01T00:00:00Z,RX1,TX2,20m,-9.5,14.097100
2025-01-01T01:00:00Z,RX1,TX1,20m,-11.0,14.097100
2025-01-01T01:00:00Z,RX2,TX2,20m,-8.0,14.097100
2025-01-01T02:00:00Z,RX2,TX1,20m,-10.5,14.097100
2025-01-01T02:00:00Z,RX3,TX3,20m,-7.0,14.097100
2025-01-01T03:00:00Z,RX3,TX1,20m,-13.0,14.097100
2025-01-01T03:00:00Z,RX1,TX3,20m,-6.5,14.097100
2025-01-01T04:00:00Z,RX2,TX3,20m,-9.0,14.097100
2025-01-01T04:00:00Z,RX3,TX2,20m,-8.5,14.097100
