timestamp_utc,kp,dst,f107
2025-01-01 00:00:00+00:00,3.0,-30.0,120.0
2025-01-01 01:00:00+00:00,3.152358539877216,-40.2228028164733,113.84686188657784
2025-01-01 02:00:00+00:00,2.6247485597631073,-40.98013612937715,119.56569731538468
2025-01-01 03:00:00+00:00,3.0187367296781806,-29.480344833296584,116.32902255589129
2025-01-01 04:00:00+00:00,3.488082251389878,-52.29811639034988,118.23503680497045
2025-01-01 05:00:00+00:00,2.488160544493466,-66.81854096157615,111.37555269081896
2025-01-01 06:00:00+00:00,1.8626627638376339,-75.3110345612973,118.69773780508591
2025-01-01 07:00:00+00:00,1.9834498272293948,-59.793025202868066,118.07006352788724
2025-01-01 08:00:00+00:00,1.876156039696134,-56.371294869617735,119.61628515094088
2025-01-01 09:00:00+00:00,1.923947658959183,-48.17069656761311,131.33388988904522
2025-01-01 10:00:00+00:00,1.551228312224434,-59.20889182752316,138.94662539317287
2025-01-01 11:00:00+00:00,2.0633658840446265,-69.82007274367795,137.40668585657284
2025-01-01 12:00:00+00:00,2.4990935575568693,-64.54553412157729,134.44159044591453
2025-01-01 13:00:00+00:00,2.557154228459634,-63.271880129791285,132.83011362523888
2025-01-01 14:00:00+00:00,3.1429171205206687,-57.11905433855419,135.40432773482223
2025-01-01 15:00:00+00:00,3.369525935620658,-58.453383161067634,134.89047610639585
2025-01-01 16:00:00+00:00,2.921403407398006,-55.10287823330001,132.92951092852385
2025-01-01 17:00:00+00:00,3.109708629069355,-53.01962981958292,140.290894801279
2025-01-01 18:00:00+00:00,2.624781897201388,-44.781563332342,139.70893328841123
2025-01-01 19:00:00+00:00,3.082767952994955,-36.41584924625046,151.19929375335883
2025-01-01 20:00:00+00:00,3.0536665998520807,-52.48625220524315,151.5883870157312
2025-01-01 21:00:00+00:00,2.9585520880868463,-74.50921271454683,160.44883121032973
2025-01-01 22:00:00+00:00,2.6201597114805333,-63.60157448374083,162.12539557256002
2025-01-01 23:00:00+00:00,3.250422395243522,-51.05229206144665,166.8222001118485
2025-01-02 00:00:00+00:00,3.1606365344469447,-60.83747641535109,163.0580797507799
2025-01-02 01:00:00+00:00,2.938440796643044,-78.81908095250036,158.66745638234346
2025-01-02 02:00:00+00:00,2.765451981566777,-76.85235112337834,160.86652926493645
2025-01-02 03:00:00+00:00,3.0433339752651123,-66.60692183740548,165.69926046654336
2025-01-02 04:00:00+00:00,3.223889308683896,-47.89883817631423,165.7667615559932
2025-01-02 05:00:00+00:00,3.419061149047695,-42.37788569177343,159.20109320075022
2025-01-02 06:00:00+00:00,3.6135185930992515,-45.84749494379491,152.29934527743058
2025-01-02 07:00:00+00:00,4.65366646387952,-54.46185126076764,145.09813316041823
2025-01-02 08:00:00+00:00,4.367775632493236,-53.85810131884574,136.23091579640044
2025-01-02 09:00:00+00:00,4.043265486332805,-56.37358633132139,136.79398912731034
2025-01-02 10:00:00+00:00,3.584215847892226,-65.99679366198312,142.43245714904563
2025-01-02 11:00:00+00:00,3.862994766785363,-44.78930128011059,142.3508515336833
2025-01-02 12:00:00+00:00,4.38433117480654,-26.641831233787066,131.03507634050783
2025-01-02 13:00:00+00:00,4.258140887238776,-15.348507773557042,130.12456875448999
2025-01-02 14:00:00+00:00,3.775155604395573,-24.850041596177178,129.35883827108717
2025-01-02 15:00:00+00:00,3.3241572163301747,-16.402847521280847,139.89134242056687
2025-01-02 16:00:00+00:00,3.6332457494260164,-10.278526475876212,132.60591797974945
2025-01-02 17:00:00+00:00,3.9732105475564365,-6.247499704318159,130.68963945891312
2025-01-02 18:00:00+00:00,4.196127154331212,5.77410296020598,139.26601099257505
2025-01-02 19:00:00+00:00,3.8035659429703044,11.412332329614635,141.5205462187538
2025-01-02 20:00:00+00:00,3.879468307355149,17.984228046065702,144.3308996758263
2025-01-02 21:00:00+00:00,3.8938377965577557,20.0,144.88397542932594
2025-01-02 22:00:00+00:00,3.958490205094374,20.0,146.51149855840026
2025-01-02 23:00:00+00:00,4.346280083813751,6.782864009918178,150.36963127611082
2025-01-03 00:00:00+00:00,4.3907638540104035,6.883417503825385,146.27341133055154
2025-01-03 01:00:00+00:00,4.660682442845831,0.5838295652576235,150.63581421990017
2025-01-03 02:00:00+00:00,4.611437855447985,-12.826256602447735,143.72151436200858
2025-01-03 03:00:00+00:00,4.675425662020578,3.6484347226094584,145.34905819816706
2025-01-03 04:00:00+00:00,4.907298491838819,20.0,146.22074651359395
2025-01-03 05:00:00+00:00,4.083355657319045,20.0,143.1133233762268
2025-01-03 06:00:00+00:00,3.8693522662744417,20.0,142.98989366505398
2025-01-03 07:00:00+00:00,3.590698325814322,20.0,139.86822396191278
2025-01-03 08:00:00+00:00,3.2417244854019347,20.0,134.51677398248154
2025-01-03 09:00:00+00:00,3.092067135518496,20.0,132.78293142536324
2025-01-03 10:00:00+00:00,3.834934434359769,20.0,127.30630585841566
2025-01-03 11:00:00+00:00,3.360272154795159,20.0,128.99141116280262
2025-01-03 12:00:00+00:00,3.8263977243511413,20.0,123.30409339561484
2025-01-03 13:00:00+00:00,2.943642952325682,20.0,126.95594204915531
2025-01-03 14:00:00+00:00,2.77901828971651,19.191863774331757,121.12266825100394
2025-01-03 15:00:00+00:00,2.8714439077831875,17.410730860277035,118.39489882975766
2025-01-03 16:00:00+00:00,3.1709828780736675,20.0,115.38964303862198
2025-01-03 17:00:00+00:00,3.5180470240664112,20.0,122.14858145806734
2025-01-03 18:00:00+00:00,3.8888182904630533,20.0,123.89985851529944
2025-01-03 19:00:00+00:00,3.670014839815682,20.0,122.93267769261574
2025-01-03 20:00:00+00:00,3.405338201492614,20.0,125.52301623829125
2025-01-03 21:00:00+00:00,3.8140592320465605,20.0,115.0712613954166
2025-01-03 22:00:00+00:00,3.677704108003425,20.0,114.99247636137545
2025-01-03 23:00:00+00:00,3.005975740934293,20.0,125.11774133590808
2025-01-04 00:00:00+00:00,2.4390333468858376,14.095768415417723,125.86695887473286
2025-01-04 01:00:00+00:00,2.0073555365407403,0.7106976578779012,126.29068088587209
2025-01-04 02:00:00+00:00,2.305568131740585,5.208701850195688,129.11377758549514
2025-01-04 03:00:00+00:00,2.4115025931888385,8.417174412524119,133.66056036615612
2025-01-04 04:00:00+00:00,2.786170140563281,-10.218244189407141,123.71966679806796
2025-01-04 05:00:00+00:00,2.5832353103668497,-11.84072568057027,115.40459599948966
2025-01-04 06:00:00+00:00,2.6833433903868644,-2.246897307959628,116.59460666546536
2025-01-04 07:00:00+00:00,3.0119714178511896,7.7902780271627705,113.15324525936816
2025-01-04 08:00:00+00:00,2.8566995770985106,17.292840895471898,119.8640170270638
2025-01-04 09:00:00+00:00,3.092252217022291,16.73611614657706,118.40565392157049
2025-01-04 10:00:00+00:00,2.756676635637851,7.35094054395401,108.85821814864045
2025-01-04 11:00:00+00:00,2.5873158805734224,-4.233066540505678,102.6915208950959
2025-01-04 12:00:00+00:00,2.4170811395455867,-1.302356162191991,89.14776386006143
2025-01-04 13:00:00+00:00,1.8483072597737875,1.9164913047034808,88.24989526811568
2025-01-04 14:00:00+00:00,2.149378137177889,14.151472594660063,87.58564031539754
2025-01-04 15:00:00+00:00,1.9572080602176327,20.0,85.74473097103069
2025-01-04 16:00:00+00:00,2.015594716570595,20.0,91.43015216361907
2025-01-04 17:00:00+00:00,2.3051883101950197,8.381317733584481,97.68576748385453
2025-01-04 18:00:00+00:00,2.563194482700241,4.42262540880381,97.06598067430005
2025-01-04 19:00:00+00:00,2.917727313051622,5.90648484873298,86.62818382436487
2025-01-04 20:00:00+00:00,2.872598205144329,3.1675226978642854,90.00286944470015
2025-01-04 21:00:00+00:00,2.667319138865036,-3.2747688368695584,93.05149212319061
2025-01-04 22:00:00+00:00,2.6440940764685843,-1.2804253104331806,94.85544564270569
2025-01-04 23:00:00+00:00,1.8182221556661402,-6.894394218330621,100.01123753655432
2025-01-05 00:00:00+00:00,1.1537548116712895,-13.637167171217747,94.41012848826313
2025-01-05 01:00:00+00:00,0.5847172649105241,-10.849895484758996,104.70535964461956
2025-01-05 02:00:00+00:00,0.2068579878642569,-15.252823376355865,100.10861619473441
2025-01-05 03:00:00+00:00,0.5464022018327626,-13.106723019045226,104.07852710998753
2025-01-05 04:00:00+00:00,0.21634256406109387,-10.712548330143093,95.84615260876862
2025-01-05 05:00:00+00:00,0.16644415883834407,-22.49258737445598,91.44077226194754
2025-01-05 06:00:00+00:00,0.9577360997894595,-27.455146865620982,99.29100273301275
2025-01-05 07:00:00+00:00,0.8817173092692738,-13.128274529143937,98.21605694926693
2025-01-05 08:00:00+00:00,1.3563892280393535,-25.086504165903932,102.65101528128335
2025-01-05 09:00:00+00:00,0.9717609266324474,-46.35131857229116,104.04937998574715
2025-01-05 10:00:00+00:00,0.97045410136701,-64.64274373327045,103.73160238926678
2025-01-05 11:00:00+00:00,0.5969203688433691,-63.65878939283835,110.75987333160836
2025-01-05 12:00:00+00:00,0.5475578124509193,-62.67644082465459,109.75087441749054
2025-01-05 13:00:00+00:00,1.090333990557071,-63.199020562412706,101.02694132956071
2025-01-05 14:00:00+00:00,0.32215707943304306,-50.393141861879435,97.23453523130459
2025-01-05 15:00:00+00:00,0.6732610472343197,-76.71362335567123,100.233667512982
2025-01-05 16:00:00+00:00,0.908465796038743,-71.82001214424957,102.43980826773031
2025-01-05 17:00:00+00:00,0.7159675283884086,-55.36922988332885,94.82249878189043
2025-01-05 18:00:00+00:00,0.10714022477476082,-66.13965293457942,91.45727174379115
2025-01-05 19:00:00+00:00,0.2878479673929575,-69.21492499378678,88.82239393808737
2025-01-05 20:00:00+00:00,0.15870921449140862,-75.95954566619724,87.28236654302748
2025-01-05 21:00:00+00:00,0.41711185944419027,-83.9838152136486,80.69823655868151
2025-01-05 22:00:00+00:00,0.5571823392337025,-86.16675895960603,77.88515687284286
2025-01-05 23:00:00+00:00,1.480212667932475,-70.76857094356886,74.58536294590841
2025-01-06 00:00:00+00:00,1.4365242207993392,-51.57933276982228,78.8032039598911
2025-01-06 01:00:00+00:00,1.0029492634484398,-54.50713836482731,83.18831327112075
2025-01-06 02:00:00+00:00,1.1924396177541758,-34.96639345688606,82.7772554365742
2025-01-06 03:00:00+00:00,1.3928159788523498,-34.51130081790209,81.13752344846606
2025-01-06 04:00:00+00:00,2.1527689675299504,-16.884164534533237,82.1662279060229
2025-01-06 05:00:00+00:00,2.6126861421107423,-18.07946774037749,78.40770898999376
2025-01-06 06:00:00+00:00,2.81048736457996,-17.007300125108497,73.01711504116071
2025-01-06 07:00:00+00:00,3.551614441960743,-13.61240939617798,70.0
2025-01-06 08:00:00+00:00,2.92965219270128,17.848375585420932,70.0
2025-01-06 09:00:00+00:00,2.6132938166913426,20.0,70.0
2025-01-06 10:00:00+00:00,2.169341155154013,17.223533246202557,70.0
2025-01-06 11:00:00+00:00,2.0159691958184283,20.0,70.0
2025-01-06 12:00:00+00:00,1.3768276622493527,20.0,70.0
2025-01-06 13:00:00+00:00,1.7755617525440872,15.309206556750574,70.0
2025-01-06 14:00:00+00:00,1.7256723163674963,20.0,70.0
2025-01-06 15:00:00+00:00,1.0539855532977926,20.0,70.0
2025-01-06 16:00:00+00:00,0.6434967350291325,20.0,70.0
2025-01-06 17:00:00+00:00,0.9180788220027738,20.0,70.0
2025-01-06 18:00:00+00:00,1.4412381648498258,20.0,70.0
2025-01-06 19:00:00+00:00,2.5175417024532276,20.0,70.0
2025-01-06 20:00:00+00:00,3.9985958503342314,8.39250825676961,70.0
2025-01-06 21:00:00+00:00,4.155870774455518,14.29038477772955,70.0
2025-01-06 22:00:00+00:00,3.60330817571681,3.584382883871953,70.0
2025-01-06 23:00:00+00:00,2.5071196265653146,-11.510296129399599,70.0
2025-01-07 00:00:00+00:00,2.665619376408967,-12.464202645398434,70.0
2025-01-07 01:00:00+00:00,2.2758678599333555,-11.975108559345923,70.0
2025-01-07 02:00:00+00:00,2.1043958368468454,-19.27066803388181,70.0
2025-01-07 03:00:00+00:00,1.843127645474599,-11.174936096524434,70.0
2025-01-07 04:00:00+00:00,1.8305758199926765,-24.973189038303016,70.0
2025-01-07 05:00:00+00:00,2.4220371443868647,-29.143162745262543,70.0
2025-01-07 06:00:00+00:00,2.529459570890194,-35.0090408396873,70.0
2025-01-07 07:00:00+00:00,2.47366917382634,-35.37473272628695,70.0
2025-01-07 08:00:00+00:00,1.9821588387221172,-32.47859522528882,70.0
2025-01-07 09:00:00+00:00,1.1957094244338329,-42.50795281701849,70.0
2025-01-07 10:00:00+00:00,1.042769998675476,-35.01496698611584,70.0
2025-01-07 11:00:00+00:00,1.113740223332542,-34.28464396304653,70.0
2025-01-07 12:00:00+00:00,2.0920181689558563,-53.118413616904704,70.0
2025-01-07 13:00:00+00:00,2.2025545212445063,-72.24195974853691,70.0
2025-01-07 14:00:00+00:00,2.73379655069381,-71.52031348285928,70.0
2025-01-07 15:00:00+00:00,2.4974589238895435,-72.89958039106564,70.0
2025-01-07 16:00:00+00:00,1.930114094486554,-73.07578991899067,70.0
2025-01-07 17:00:00+00:00,1.5010500086460403,-72.49409868591303,70.0
2025-01-07 18:00:00+00:00,1.2133844759458616,-69.38861831709296,70.0
2025-01-07 19:00:00+00:00,2.3669501183661508,-59.124349852268104,70.0
2025-01-07 20:00:00+00:00,1.9879092728356502,-69.65291186439833,70.0
2025-01-07 21:00:00+00:00,2.45775841106204,-80.57956955611832,70.0
2025-01-07 22:00:00+00:00,2.0334069014654252,-90.50121674386978,70.0
2025-01-07 23:00:00+00:00,2.547523062829276,-86.40202573730531,70.0
2025-01-08 00:00:00+00:00,2.762622392740744,-72.82451143609474,70.0
2025-01-08 01:00:00+00:00,2.696172324274661,-76.28141558976795,70.0
2025-01-08 02:00:00+00:00,2.690982444993211,-100.37278571956914,70.0
2025-01-08 03:00:00+00:00,2.3790394750288555,-116.0052586312815,70.0
2025-01-08 04:00:00+00:00,2.633123602018453,-122.61552068661598,70.0
2025-01-08 05:00:00+00:00,2.4239756817471405,-126.3404991478358,70.0
2025-01-08 06:00:00+00:00,1.8399740157761593,-128.49757543742635,70.0
2025-01-08 07:00:00+00:00,1.2590065278275415,-126.14181269886866,70.0
2025-01-08 08:00:00+00:00,1.4323501602972244,-127.33643975311576,70.0
2025-01-08 09:00:00+00:00,2.3002782804875808,-114.89631485261937,70.0
2025-01-08 10:00:00+00:00,2.415260173249921,-119.95856161238066,70.0
2025-01-08 11:00:00+00:00,2.3851780015324833,-126.78256997488847,70.0
2025-01-08 12:00:00+00:00,2.558832171257131,-120.0581631901861,70.0
2025-01-08 13:00:00+00:00,3.2338914335476865,-133.61342062564356,70.0
2025-01-08 14:00:00+00:00,3.3318881125522304,-127.64423515993066,70.0
2025-01-08 15:00:00+00:00,3.1098300915077504,-124.66581861946938,70.0
2025-01-08 16:00:00+00:00,3.657482941962307,-124.24692714626165,70.0
2025-01-08 17:00:00+00:00,3.8389870140949984,-106.47922753184379,70.0
2025-01-08 18:00:00+00:00,4.5649156593882445,-111.17171743415409,70.0
2025-01-08 19:00:00+00:00,4.578287095029785,-88.94530138023023,70.05620206457657
2025-01-08 20:00:00+00:00,3.8871382244180457,-90.02070984490662,76.12765676614376
2025-01-08 21:00:00+00:00,3.158701713574311,-101.59046009771077,70.0
2025-01-08 22:00:00+00:00,3.97623059401122,-99.4594550858083,73.17805367846707
2025-01-08 23:00:00+00:00,4.789251924702308,-108.8327179872798,75.45020017788136
2025-01-09 00:00:00+00:00,4.610029721825892,-114.7736221056692,81.22530921023802
2025-01-09 01:00:00+00:00,4.337934575166603,-109.10781666340091,75.48336444067465
2025-01-09 02:00:00+00:00,5.001759992529374,-101.96983944363164,71.71607595731524
2025-01-09 03:00:00+00:00,4.348149151881161,-106.75211965730159,72.85158204129843
2025-01-09 04:00:00+00:00,3.83337818480919,-95.34302581369155,73.16694692362577
2025-01-09 05:00:00+00:00,4.113372672913252,-82.46108771720638,74.98168461445397
2025-01-09 06:00:00+00:00,3.8604014778377955,-67.04884839722934,80.79499872760316
2025-01-09 07:00:00+00:00,3.81482047058587,-61.01373735802753,72.33098613519776
2025-01-09 08:00:00+00:00,3.69235799779432,-46.759175490009994,77.60490778703043
2025-01-09 09:00:00+00:00,3.8265273723040707,-65.23197625995037,78.02519126798227
2025-01-09 10:00:00+00:00,4.488941934345726,-67.706402221036,77.38347172229223
2025-01-09 11:00:00+00:00,4.459787291079312,-75.62232673984954,70.40871115420416
2025-01-09 12:00:00+00:00,4.708767323163775,-73.51762159377863,73.34006114894055
2025-01-09 13:00:00+00:00,3.598242906490075,-78.36176135387043,70.0
2025-01-09 14:00:00+00:00,3.5439715602005126,-79.05610454629034,70.0
2025-01-09 15:00:00+00:00,3.0951578470440513,-59.25323365332404,70.0
2025-01-09 16:00:00+00:00,2.4809934244800345,-60.36536694446134,70.0
2025-01-09 17:00:00+00:00,2.0678675697916575,-55.62013643366998,70.0
2025-01-09 18:00:00+00:00,1.9474124709516687,-57.43042700423893,70.0
2025-01-09 19:00:00+00:00,2.457993118582092,-56.12468558458581,70.0
2025-01-09 20:00:00+00:00,1.8218971037832052,-55.54202506853338,70.0
2025-01-09 21:00:00+00:00,1.8961179948912537,-50.54794390743112,70.0
2025-01-09 22:00:00+00:00,1.709227378479902,-38.48390967381072,70.0
2025-01-09 23:00:00+00:00,1.6099294623749265,-21.840291504301216,70.0
2025-01-10 00:00:00+00:00,2.1808119019084824,-18.907284855123525,70.0
2025-01-10 01:00:00+00:00,2.4908290253150214,-13.233670297665032,70.0
2025-01-10 02:00:00+00:00,3.184986627770642,-25.0776419835674,70.0
2025-01-10 03:00:00+00:00,3.0984844567571597,-26.05485656805226,70.0
2025-01-10 04:00:00+00:00,2.7455889280839503,-16.730864787855324,70.0
2025-01-10 05:00:00+00:00,2.646380073239503,-8.336561107926684,70.0
2025-01-10 06:00:00+00:00,2.7853094652131385,-6.653732557817648,70.0
2025-01-10 07:00:00+00:00,2.8843306711793373,1.7432816890182252,71.95089220662584
2025-01-10 08:00:00+00:00,2.347920101503687,6.016083145176047,70.0
2025-01-10 09:00:00+00:00,2.42576898724244,17.29882406486574,70.0
2025-01-10 10:00:00+00:00,2.5685947029497704,19.246439153139534,76.23100927446417
2025-01-10 11:00:00+00:00,3.848901986569242,14.704527214366394,82.5845493002026
2025-01-10 12:00:00+00:00,4.744879192881616,17.168849239409298,79.46873041263103
2025-01-10 13:00:00+00:00,4.231013557958124,-13.080471503906647,80.96980526543928
2025-01-10 14:00:00+00:00,4.02577119928563,-9.590004709978018,81.35395163036694
2025-01-10 15:00:00+00:00,3.242761638402847,-46.48233286792629,83.13637706454054
2025-01-10 16:00:00+00:00,2.935270049500961,-63.38732028462195,80.0071261008236
2025-01-10 17:00:00+00:00,3.0963090488210834,-58.201887869519666,79.94073880452095
2025-01-10 18:00:00+00:00,3.694420406824146,-52.86255673946132,72.33144082799518
2025-01-10 19:00:00+00:00,3.2951574676111344,-64.0295934060714,73.42648572325125
2025-01-10 20:00:00+00:00,2.9533263741966795,-70.47002195673936,76.09095874797502
2025-01-10 21:00:00+00:00,1.882015540617518,-55.95521163146325,75.35532622342186
2025-01-10 22:00:00+00:00,1.8565818033141885,-60.276408714560745,70.0
2025-01-10 23:00:00+00:00,1.3825455072186976,-37.24167741623968,73.07261669838627
2025-01-11 00:00:00+00:00,1.198698518174726,-37.11604239967835,75.3130498757902
2025-01-11 01:00:00+00:00,0.850333203182196,-32.89335978287211,72.08999745501345
2025-01-11 02:00:00+00:00,0.9106852658968076,-16.666748602228594,71.11055079683038
2025-01-11 03:00:00+00:00,0.13628680692365158,-15.623142468249828,70.0
2025-01-11 04:00:00+00:00,0.0,-25.934119425792844,70.0
2025-01-11 05:00:00+00:00,0.7832759077020244,-27.11271155421989,70.0
2025-01-11 06:00:00+00:00,0.2504008216799076,-27.526564685036398,70.0
2025-01-11 07:00:00+00:00,0.0,-41.223449913351324,70.0
2025-01-11 08:00:00+00:00,0.9159703559608201,-43.55730162849253,70.0
2025-01-11 09:00:00+00:00,2.4727054227829823,-50.70807653589705,70.0
2025-01-11 10:00:00+00:00,1.9132868372311627,-41.05033743330477,70.0
2025-01-11 11:00:00+00:00,1.7834980169755894,-40.48321194278611,70.0
2025-01-11 12:00:00+00:00,2.0151008915970645,-43.10150519540609,70.0
2025-01-11 13:00:00+00:00,2.9286946692200075,-43.90129439772373,70.0
2025-01-11 14:00:00+00:00,2.4388313965448885,-41.3920483257076,70.0
2025-01-11 15:00:00+00:00,2.3442509037465893,-34.996065362295646,70.0
2025-01-11 16:00:00+00:00,2.765707146590132,-44.89326634174355,70.0
2025-01-11 17:00:00+00:00,2.9948048264939344,-55.01127734112139,70.0
2025-01-11 18:00:00+00:00,2.806986549554188,-43.46425964027367,70.0
2025-01-11 19:00:00+00:00,2.7497257398184582,-47.3183431695155,70.0
2025-01-11 20:00:00+00:00,2.0747915486425446,-61.140397232093925,70.0
2025-01-11 21:00:00+00:00,2.0019650992230846,-56.079462193621,70.0
2025-01-11 22:00:00+00:00,1.918673099257453,-50.924174889421714,70.0
2025-01-11 23:00:00+00:00,2.0888243891077085,-65.81284396420034,70.0
2025-01-12 00:00:00+00:00,1.856719560242815,-62.801769930280265,70.0
2025-01-12 01:00:00+00:00,2.149652843503244,-54.789903607390926,70.0
2025-01-12 02:00:00+00:00,2.698528110237996,-50.55024101818048,70.0
2025-01-12 03:00:00+00:00,2.791316368560329,-43.81942136020292,70.0
2025-01-12 04:00:00+00:00,2.9776287543319144,-57.58572391390635,70.0
2025-01-12 05:00:00+00:00,3.0053249904042523,-53.72360788566627,70.0
2025-01-12 06:00:00+00:00,3.005100937429747,-56.2753333226574,70.0
2025-01-12 07:00:00+00:00,2.644066873786836,-60.57772824345071,70.0
2025-01-12 08:00:00+00:00,2.820110660934148,-51.26061758438443,70.0
2025-01-12 09:00:00+00:00,2.780461828680696,-36.042660125954434,70.0
2025-01-12 10:00:00+00:00,3.8380228917119585,-17.978106377431757,70.0
2025-01-12 11:00:00+00:00,4.582799198363982,-5.0704655348240735,70.0
2025-01-12 12:00:00+00:00,4.696582514724033,-6.666398040429428,70.0
2025-01-12 13:00:00+00:00,4.2302247841404474,-3.605868449357409,70.0
2025-01-12 14:00:00+00:00,3.612507808941716,3.534477637472179,70.0
2025-01-12 15:00:00+00:00,4.177453895039063,4.075567577717358,70.0
2025-01-12 16:00:00+00:00,4.249955812860679,4.701698105278453,70.0
2025-01-12 17:00:00+00:00,4.42752972391345,12.2451954619347,70.0
2025-01-12 18:00:00+00:00,3.4838602442306814,10.80746509243668,70.0
2025-01-12 19:00:00+00:00,3.9233864727982377,2.6984464268513335,70.0
2025-01-12 20:00:00+00:00,4.1044273182655076,-2.1002531600442786,70.0
2025-01-12 21:00:00+00:00,3.493990610144993,3.6808556804940267,70.0
2025-01-12 22:00:00+00:00,3.2335286759127686,3.0371714788837068,70.0
2025-01-12 23:00:00+00:00,3.35371084429539,5.7785278179894135,70.0
2025-01-13 00:00:00+00:00,3.3622587012587424,11.763749683651525,70.0
2025-01-13 01:00:00+00:00,3.198060173294028,7.180060061002401,70.0
2025-01-13 02:00:00+00:00,3.136413030596346,13.998940496080408,70.0
2025-01-13 03:00:00+00:00,3.003603689963086,16.90738772074274,70.0
2025-01-13 04:00:00+00:00,3.079704761516166,3.6211090972130933,70.0
2025-01-13 05:00:00+00:00,3.8114655099369363,17.371734827131277,70.0
2025-01-13 06:00:00+00:00,2.4875630139744405,11.416852693019486,70.0
2025-01-13 07:00:00+00:00,2.3947597310208764,-5.962437792692739,70.0
2025-01-13 08:00:00+00:00,2.513277955156056,-16.893626132701907,70.0
2025-01-13 09:00:00+00:00,2.685611052241803,-27.36620521683109,70.0
2025-01-13 10:00:00+00:00,2.515373208969068,-26.897147925919132,70.0
2025-01-13 11:00:00+00:00,1.6612436572813232,-29.697710022863124,70.0
2025-01-13 12:00:00+00:00,1.8921792162743118,-33.07207549881179,70.0
2025-01-13 13:00:00+00:00,2.8112453625426888,-26.813614334010765,70.0
2025-01-13 14:00:00+00:00,2.0537523919574854,-23.47858843540351,70.0
2025-01-13 15:00:00+00:00,2.5329787792087055,-20.44853796025258,70.0
2025-01-13 16:00:00+00:00,2.392067228686823,-16.5412826277606,70.0
2025-01-13 17:00:00+00:00,2.3918016943380582,-10.649110295183007,70.0
2025-01-13 18:00:00+00:00,1.895762354269181,-32.11566150705377,70.0
2025-01-13 19:00:00+00:00,1.7837461503777838,-35.717730799557316,70.0
2025-01-13 20:00:00+00:00,2.494581140208374,-57.405476828460905,70.0
2025-01-13 21:00:00+00:00,2.8111797041918085,-56.49676802391373,70.0
2025-01-13 22:00:00+00:00,3.6867765216871904,-56.01316238567891,70.0
2025-01-13 23:00:00+00:00,4.2411436400916775,-45.03757639006853,70.0
2025-01-14 00:00:00+00:00,4.398629797551882,-32.860480935055946,70.0
2025-01-14 01:00:00+00:00,5.200665570758184,-30.77552083383116,70.0
2025-01-14 02:00:00+00:00,5.3101288715894235,-35.76362119112353,70.0
2025-01-14 03:00:00+00:00,5.608616516408482,-30.796737641843684,70.0
2025-01-14 04:00:00+00:00,5.329900213820704,-36.059979262249946,70.0
2025-01-14 05:00:00+00:00,5.246678111059271,-35.95270619143844,70.0
2025-01-14 06:00:00+00:00,4.785632293856169,-25.972288898001988,70.0
2025-01-14 07:00:00+00:00,5.191142646460786,-31.630556579936187,70.0
2025-01-14 08:00:00+00:00,4.492433702580315,-23.541159055912452,70.0
2025-01-14 09:00:00+00:00,4.808987188660129,-16.89632218787118,70.0
2025-01-14 10:00:00+00:00,4.623212300474544,-26.706313915421973,70.0
2025-01-14 11:00:00+00:00,5.127675232184476,-17.033246354939525,70.0
2025-01-14 12:00:00+00:00,5.396725964940883,-10.306917974125685,70.0
2025-01-14 13:00:00+00:00,6.187212745517239,-9.681520740916596,70.0
2025-01-14 14:00:00+00:00,6.393239453810699,-17.711124906374785,70.0
2025-01-14 15:00:00+00:00,5.437557353293543,-26.548962594002994,70.0
2025-01-14 16:00:00+00:00,5.282202899179765,-31.994609111153157,70.0
2025-01-14 17:00:00+00:00,4.5820891579233685,-26.528772296010494,70.0
2025-01-14 18:00:00+00:00,4.243844778844062,-36.15444852410426,70.0
2025-01-14 19:00:00+00:00,4.93726675654022,-31.656237067423476,70.0
2025-01-14 20:00:00+00:00,5.159170324162057,-44.04066761485893,70.0
2025-01-14 21:00:00+00:00,4.701746593664581,-45.800540106950244,70.0
2025-01-14 22:00:00+00:00,4.109800580761153,-44.38805175907115,70.0
2025-01-14 23:00:00+00:00,4.070701598161225,-19.648989273300565,70.0
2025-01-15 00:00:00+00:00,3.4088864435626,-33.629166043038225,70.0
2025-01-15 01:00:00+00:00,3.052871982686179,-18.836437057276125,70.0
2025-01-15 02:00:00+00:00,3.206233119327492,-17.561284176257804,70.0
2025-01-15 03:00:00+00:00,3.7735774814144656,-13.698339312573015,70.0
2025-01-15 04:00:00+00:00,4.039279343455962,-12.840893392439511,70.0
2025-01-15 05:00:00+00:00,2.841670621984114,-8.736807342638393,70.0
2025-01-15 06:00:00+00:00,3.001770455400038,-10.698922239405803,70.0
2025-01-15 07:00:00+00:00,3.0376987192463254,3.4555580199568965,70.0
2025-01-15 08:00:00+00:00,3.2427589259703558,-1.7782645826894665,70.0
2025-01-15 09:00:00+00:00,4.038725820497442,8.979646430756802,70.0
2025-01-15 10:00:00+00:00,2.955170391070198,1.7563823000114347,70.0
2025-01-15 11:00:00+00:00,2.6618601589211353,0.5187361899983358,70.0
2025-01-15 12:00:00+00:00,2.974220312371756,-10.811264056703823,70.0
2025-01-15 13:00:00+00:00,2.184712097026197,-6.644801572094547,70.0
2025-01-15 14:00:00+00:00,2.9634510162016414,7.339354028612682,70.0
2025-01-15 15:00:00+00:00,3.149456771741889,5.819005149831888,70.0
2025-01-15 16:00:00+00:00,3.565275926076496,3.1337680597961537,70.0
2025-01-15 17:00:00+00:00,3.2515402990117743,-8.675076932079037,70.0
2025-01-15 18:00:00+00:00,3.645845129044291,-11.394501928960537,70.0
2025-01-15 19:00:00+00:00,4.1477886505865955,-27.694554487596605,70.0
2025-01-15 20:00:00+00:00,4.20683822812585,-36.86944326503294,70.0
2025-01-15 21:00:00+00:00,4.263696763068905,-34.46419393864093,70.0
2025-01-15 22:00:00+00:00,4.335683544556323,-21.184778082454148,70.0
2025-01-15 23:00:00+00:00,3.837226734958816,6.731026091489966,70.0
2025-01-16 00:00:00+00:00,3.721601058090698,0.13055471895116,70.0
2025-01-16 01:00:00+00:00,3.609259738959984,13.880945191026534,70.0
2025-01-16 02:00:00+00:00,3.7704936841887324,15.440851091222477,70.0
2025-01-16 03:00:00+00:00,4.231881123434443,13.019557601934274,70.0
2025-01-16 04:00:00+00:00,3.6410190262735163,16.485110967157112,70.0
2025-01-16 05:00:00+00:00,3.5464635598000513,16.17457358461356,70.0
2025-01-16 06:00:00+00:00,4.259868155639536,16.355039369043475,70.0
2025-01-16 07:00:00+00:00,3.8250806334512766,11.34460695339591,70.0
2025-01-16 08:00:00+00:00,3.3727015931335527,-3.4633817836605196,70.0
2025-01-16 09:00:00+00:00,3.4552196093924716,-19.430366173208128,70.0
2025-01-16 10:00:00+00:00,3.854651224165508,-13.109310016931694,70.0
2025-01-16 11:00:00+00:00,3.8176316907375623,-16.214124717450193,70.0
2025-01-16 12:00:00+00:00,4.441230401419179,-22.450731219662856,70.0
2025-01-16 13:00:00+00:00,4.797565872631483,-22.516660328038064,70.0
2025-01-16 14:00:00+00:00,5.12859761244494,-14.717004592321029,70.0
2025-01-16 15:00:00+00:00,5.29922598248474,-13.219025070210627,70.0
2025-01-16 16:00:00+00:00,6.348091233533545,-20.115193935216087,70.0
2025-01-16 17:00:00+00:00,6.078105827423846,-8.04996050002227,70.0
2025-01-16 18:00:00+00:00,4.922439390019396,7.302893739794499,70.0
2025-01-16 19:00:00+00:00,5.628444601276996,11.502402418227142,70.0
2025-01-16 20:00:00+00:00,5.268172655734734,20.0,70.0
2025-01-16 21:00:00+00:00,5.208704245119513,20.0,70.0
2025-01-16 22:00:00+00:00,5.753044375293801,20.0,70.0
2025-01-16 23:00:00+00:00,4.8142623859996485,20.0,70.0
2025-01-17 00:00:00+00:00,4.0977256596465965,20.0,70.0
2025-01-17 01:00:00+00:00,3.24220040810484,20.0,70.0
2025-01-17 02:00:00+00:00,2.833022242686886,20.0,70.0
2025-01-17 03:00:00+00:00,3.0611894335610383,20.0,70.0
2025-01-17 04:00:00+00:00,3.320223883289372,20.0,70.0
2025-01-17 05:00:00+00:00,3.4423497787891804,20.0,70.0
2025-01-17 06:00:00+00:00,2.713849347903538,20.0,70.0
2025-01-17 07:00:00+00:00,1.573105162192039,20.0,70.0
2025-01-17 08:00:00+00:00,1.6716266967776283,20.0,70.0
2025-01-17 09:00:00+00:00,1.502157345119579,20.0,70.0
2025-01-17 10:00:00+00:00,1.806742363721906,20.0,70.0
2025-01-17 11:00:00+00:00,2.2173820586464457,20.0,70.0
2025-01-17 12:00:00+00:00,2.3256336717434642,20.0,70.0
2025-01-17 13:00:00+00:00,2.739418530844218,20.0,70.0
2025-01-17 14:00:00+00:00,2.8670532913595417,20.0,70.0
2025-01-17 15:00:00+00:00,3.138732979592298,20.0,70.0
2025-01-17 16:00:00+00:00,2.7794596991777416,20.0,70.0
2025-01-17 17:00:00+00:00,2.7006810073031255,20.0,70.0
2025-01-17 18:00:00+00:00,2.814035005266448,20.0,70.0
2025-01-17 19:00:00+00:00,3.233597492711835,20.0,70.0
2025-01-17 20:00:00+00:00,3.025047031963957,20.0,70.0
2025-01-17 21:00:00+00:00,3.2843783082318154,19.382168360130862,70.0
2025-01-17 22:00:00+00:00,3.1372399968625353,16.552767527776034,70.0
2025-01-17 23:00:00+00:00,3.0716069133553434,12.920160883849547,70.0
2025-01-18 00:00:00+00:00,3.4827860886996125,20.0,70.0
2025-01-18 01:00:00+00:00,2.4621165987375537,20.0,70.0
2025-01-18 02:00:00+00:00,1.8407746047632958,20.0,70.0
2025-01-18 03:00:00+00:00,1.1576431758037207,1.9497450242601317,70.0
2025-01-18 04:00:00+00:00,0.08295295708938255,-7.6313233960198446,70.0
2025-01-18 05:00:00+00:00,0.0,-10.709431172662974,70.0
2025-01-18 06:00:00+00:00,0.4199063845633293,-17.953769310976142,70.0
2025-01-18 07:00:00+00:00,0.40646903214387553,-4.377617990978649,70.0
2025-01-18 08:00:00+00:00,0.6350406215076076,-6.53944338512126,70.0
2025-01-18 09:00:00+00:00,1.2978973387876238,5.875787975763686,70.0
2025-01-18 10:00:00+00:00,2.0468455379820885,5.77531855675209,70.0
2025-01-18 11:00:00+00:00,2.0599342937199143,5.4320905498328145,70.0
2025-01-18 12:00:00+00:00,2.783730523818617,3.8354842617111444,70.0
2025-01-18 13:00:00+00:00,2.840607326844741,3.1967370926915137,70.0
2025-01-18 14:00:00+00:00,2.429877848588773,19.720752381336283,70.0
2025-01-18 15:00:00+00:00,2.161183780059967,-4.469769933802624,70.0
2025-01-18 16:00:00+00:00,1.4628563347744605,-24.995831979513362,70.0
2025-01-18 17:00:00+00:00,1.0956465911689113,-30.527623650484234,70.0
2025-01-18 18:00:00+00:00,1.0118559175732513,-30.37179235809886,70.0
2025-01-18 19:00:00+00:00,1.5130556313838897,-23.463312263296757,70.0
2025-01-18 20:00:00+00:00,2.4477877653976874,-18.86317403775607,70.0
2025-01-18 21:00:00+00:00,1.7843076194392828,-22.92836968580665,70.0
2025-01-18 22:00:00+00:00,2.041505972597278,-12.879365359672896,70.0
2025-01-18 23:00:00+00:00,1.5691587043886472,-2.919824020952131,70.0
2025-01-19 00:00:00+00:00,1.878049313400816,-1.6208492278174305,70.0
2025-01-19 01:00:00+00:00,1.868603522386912,7.438143481607327,73.50430237428233
2025-01-19 02:00:00+00:00,1.0097204333438012,9.415833246296472,71.19186497371204
2025-01-19 03:00:00+00:00,1.5733829074608534,3.012686313541707,70.0
2025-01-19 04:00:00+00:00,1.3422134056834452,9.330600977270919,70.0
2025-01-19 05:00:00+00:00,1.1581526162124955,9.650120183512279,70.0
2025-01-19 06:00:00+00:00,0.7153687797570258,8.870516247386902,70.0
2025-01-19 07:00:00+00:00,0.5024587024253968,20.0,70.0
2025-01-19 08:00:00+00:00,0.8412809876515857,-2.7425324739526573,70.0
2025-01-19 09:00:00+00:00,0.8545947678008035,-17.4645235260693,71.41041520211095
2025-01-19 10:00:00+00:00,1.126196030552004,-29.585937319291617,70.0
2025-01-19 11:00:00+00:00,1.4008471559888258,-33.22682504859384,70.0
2025-01-19 12:00:00+00:00,2.141135625953468,-35.70837024528227,75.60259200194795
2025-01-19 13:00:00+00:00,2.012685769223605,-50.66745931810709,73.80923567510166
2025-01-19 14:00:00+00:00,1.323622572339559,-60.10569045485321,74.81655043300839
2025-01-19 15:00:00+00:00,1.9410526520085725,-68.11199343099184,70.0
2025-01-19 16:00:00+00:00,1.8282559333595167,-42.77551264161309,70.0
2025-01-19 17:00:00+00:00,2.4441393589802294,-24.50258291130936,70.0
2025-01-19 18:00:00+00:00,2.6636209476224533,-28.73002542992967,70.0
2025-01-19 19:00:00+00:00,2.614871135139658,-32.39125782439906,70.0
2025-01-19 20:00:00+00:00,2.8085155254058227,-43.83547263979402,70.0
2025-01-19 21:00:00+00:00,3.7935960291986817,-62.64006731925081,70.0
2025-01-19 22:00:00+00:00,4.7924064922656235,-63.15606783695104,70.0
2025-01-19 23:00:00+00:00,4.737476735218732,-72.47146631265227,70.0
2025-01-20 00:00:00+00:00,4.730698195116333,-72.47054230301933,70.0
2025-01-20 01:00:00+00:00,5.182283364093709,-87.62318994739371,70.0
2025-01-20 02:00:00+00:00,4.650338679505349,-94.09047073154841,70.0
2025-01-20 03:00:00+00:00,4.734356931839209,-91.32239036388913,70.0
2025-01-20 04:00:00+00:00,4.634707661270321,-86.43384657877198,70.0
2025-01-20 05:00:00+00:00,4.709926383935581,-81.1304500597764,70.0
2025-01-20 06:00:00+00:00,4.2077456617641,-93.31273090015124,70.0
2025-01-20 07:00:00+00:00,3.35257463202141,-83.4996189807926,70.0
2025-01-20 08:00:00+00:00,2.2984541824246936,-90.43174356719524,70.0
2025-01-20 09:00:00+00:00,1.774839416808655,-82.89452954977828,70.0
2025-01-20 10:00:00+00:00,1.6067598034985557,-81.94302572496466,70.0
2025-01-20 11:00:00+00:00,1.529826019999247,-94.66804020124484,70.0
2025-01-20 12:00:00+00:00,2.571950300214043,-96.53665644303182,70.0
2025-01-20 13:00:00+00:00,3.14634947015699,-91.5522858935335,70.0
2025-01-20 14:00:00+00:00,2.657986438478327,-84.19158637091684,70.0
2025-01-20 15:00:00+00:00,2.8489413427798893,-84.51763361794268,70.0
2025-01-20 16:00:00+00:00,2.6529551574657324,-68.1094920395733,70.0
2025-01-20 17:00:00+00:00,2.528125480572398,-57.27219448891624,70.0
2025-01-20 18:00:00+00:00,2.644382031251469,-59.29329176313544,70.0
2025-01-20 19:00:00+00:00,2.9717484881765923,-51.206207806503286,70.0
2025-01-20 20:00:00+00:00,2.803531821825755,-31.444148798491355,70.0
2025-01-20 21:00:00+00:00,3.3452809971016464,-11.810419814691258,70.0
2025-01-20 22:00:00+00:00,2.757047834175362,-24.454210226622408,70.0
2025-01-20 23:00:00+00:00,2.7723649736477283,-33.83045713366147,70.0
2025-01-21 00:00:00+00:00,4.082583588263258,-18.904660123649727,70.0
2025-01-21 01:00:00+00:00,4.139994280162733,-29.709377429553104,70.0
2025-01-21 02:00:00+00:00,4.799601819457683,-42.940601213878836,70.0
2025-01-21 03:00:00+00:00,4.755381817571402,-47.54373049659172,70.0
2025-01-21 04:00:00+00:00,4.958001274357731,-42.990588791914035,70.0
2025-01-21 05:00:00+00:00,4.831709613443499,-43.75474408218672,70.0
2025-01-21 06:00:00+00:00,4.654920342189222,-49.9852854045989,70.0
2025-01-21 07:00:00+00:00,4.182433126717051,-56.32770431375201,70.0
2025-01-21 08:00:00+00:00,4.338462149859974,-62.92452087160406,70.0
2025-01-21 09:00:00+00:00,3.8457704477740915,-71.06112674076141,70.0
2025-01-21 10:00:00+00:00,4.136274543542101,-47.42357543318556,70.0
2025-01-21 11:00:00+00:00,4.622104318587951,-44.0999932126663,70.0
2025-01-21 12:00:00+00:00,4.724264806277168,-34.95040280436559,70.0
2025-01-21 13:00:00+00:00,4.494927199185464,-39.74216942946751,70.0
2025-01-21 14:00:00+00:00,4.647163628880539,-41.40689281273865,70.0
2025-01-21 15:00:00+00:00,4.410468919663305,-48.31429477018743,70.0
2025-01-21 16:00:00+00:00,4.807719036412715,-74.4650922239757,70.0
2025-01-21 17:00:00+00:00,3.801630042484517,-87.35588314797485,70.0
2025-01-21 18:00:00+00:00,3.593744856300968,-104.3149522848193,70.0
2025-01-21 19:00:00+00:00,2.5686516159239208,-125.32649101863899,70.0
2025-01-21 20:00:00+00:00,1.8426886200141221,-135.37355094124723,70.0
2025-01-21 21:00:00+00:00,2.582485303920371,-120.01652312860597,70.0
2025-01-21 22:00:00+00:00,3.050953529710195,-118.6605543430774,70.0
2025-01-21 23:00:00+00:00,2.68866573658229,-103.9817056330041,70.0
2025-01-22 00:00:00+00:00,1.9529807217327273,-98.39224575133527,70.0
2025-01-22 01:00:00+00:00,0.5230672667252652,-89.19881257915696,70.0
2025-01-22 02:00:00+00:00,0.37516614942268456,-97.02380628061958,70.0
2025-01-22 03:00:00+00:00,1.7166153480752517,-90.44382061308048,70.0
2025-01-22 04:00:00+00:00,1.998226716403313,-81.9478018600754,70.0
2025-01-22 05:00:00+00:00,1.7685292375584025,-86.67531874521083,70.0
2025-01-22 06:00:00+00:00,2.0626428804306354,-79.94640866414495,70.0
2025-01-22 07:00:00+00:00,1.3290315599118823,-73.28560290511373,70.0
2025-01-22 08:00:00+00:00,1.2639183005674706,-77.91541705831227,70.0
2025-01-22 09:00:00+00:00,1.4004611220469663,-88.18479303985598,70.0
2025-01-22 10:00:00+00:00,1.437387740034094,-98.86238049804159,70.0
2025-01-22 11:00:00+00:00,1.9109214138774295,-96.62007746886614,70.0
2025-01-22 12:00:00+00:00,2.1376979563015843,-92.01757723159568,70.0
2025-01-22 13:00:00+00:00,2.5149760675405037,-98.7024839915429,70.0
2025-01-22 14:00:00+00:00,2.1950411230480986,-97.06258089845106,70.0
2025-01-22 15:00:00+00:00,2.684196771100968,-90.01595891909719,70.0
2025-01-22 16:00:00+00:00,3.514455406357915,-82.63373259406222,70.0
2025-01-22 17:00:00+00:00,3.003657876214313,-66.0622567409561,70.0
2025-01-22 18:00:00+00:00,2.559627154546318,-52.571203284156546,70.0
2025-01-22 19:00:00+00:00,3.249537964979118,-62.13269354603885,70.0
2025-01-22 20:00:00+00:00,3.141389073382632,-44.65417757973785,70.0
2025-01-22 21:00:00+00:00,3.836230315746779,-49.67085907370024,70.0
2025-01-22 22:00:00+00:00,3.5731509440133484,-38.82871376768196,70.0
2025-01-22 23:00:00+00:00,4.272016184948036,-37.97227323181743,70.0
2025-01-23 00:00:00+00:00,4.27415828410336,-41.934321551750756,70.0
2025-01-23 01:00:00+00:00,4.33956478155954,-59.77260371846507,70.0
2025-01-23 02:00:00+00:00,5.054945553316515,-60.89279674625925,70.0
2025-01-23 03:00:00+00:00,4.771313036928603,-75.86877316439015,70.0
2025-01-23 04:00:00+00:00,4.212186337119695,-65.27840534267463,70.0
2025-01-23 05:00:00+00:00,3.927294916249533,-49.404910664428655,70.0
2025-01-23 06:00:00+00:00,4.107097145758625,-56.98592234410699,70.0
2025-01-23 07:00:00+00:00,3.268862752380437,-53.426496472032134,70.0
2025-01-23 08:00:00+00:00,3.574155066086976,-60.21188176267125,70.0
2025-01-23 09:00:00+00:00,3.2760616539737555,-65.89249142878572,70.0
2025-01-23 10:00:00+00:00,3.8361649016418493,-57.42969456155629,70.0
2025-01-23 11:00:00+00:00,2.5972265041095213,-57.26648328875929,70.0
2025-01-23 12:00:00+00:00,2.2240822913519604,-39.32467320367399,70.0
2025-01-23 13:00:00+00:00,1.4196441011673118,-43.96050452662972,70.0
2025-01-23 14:00:00+00:00,1.08554716292697,-33.687931111352235,70.0
2025-01-23 15:00:00+00:00,1.3051027553350931,-32.64003835954737,70.0
2025-01-23 16:00:00+00:00,1.300234304843461,-24.62945749491409,70.0
2025-01-23 17:00:00+00:00,1.2585338051272805,-29.208444918315273,70.0
2025-01-23 18:00:00+00:00,1.2660146791808862,-29.719864395464796,70.0
2025-01-23 19:00:00+00:00,1.4544080655318137,-30.88045590054485,70.0
2025-01-23 20:00:00+00:00,1.0274196412836694,-39.22341793099182,70.0
2025-01-23 21:00:00+00:00,1.4794734796690114,-32.41813422655446,70.0
2025-01-23 22:00:00+00:00,1.886832790878303,-25.867281486239726,70.0
2025-01-23 23:00:00+00:00,2.1350101201624385,-20.014388907459267,70.0
2025-01-24 00:00:00+00:00,2.456526335529948,-4.844444590133634,70.0
2025-01-24 01:00:00+00:00,2.6319090191577805,9.145892314032075,70.0
2025-01-24 02:00:00+00:00,3.667850219565425,4.613527569260079,70.0
2025-01-24 03:00:00+00:00,3.590910623060899,7.651780202216663,70.0
2025-01-24 04:00:00+00:00,3.407823482740566,0.6627377055902031,70.0
2025-01-24 05:00:00+00:00,3.0106685184248483,0.2830361126239538,70.0
2025-01-24 06:00:00+00:00,2.4940037572146876,-6.320119100817173,70.0
2025-01-24 07:00:00+00:00,1.8970676755534155,9.406986372559679,70.0
2025-01-24 08:00:00+00:00,1.5078156351602856,12.255828148538114,70.0
2025-01-24 09:00:00+00:00,1.5470846625762358,9.230420304523129,70.0
2025-01-24 10:00:00+00:00,1.7868779936962813,20.0,70.0
2025-01-24 11:00:00+00:00,1.8731051232875482,-2.331796433297608,70.0
2025-01-24 12:00:00+00:00,1.5466822284083144,-23.026186453284552,70.0
2025-01-24 13:00:00+00:00,2.0694403989978802,-15.207276172021121,70.0
2025-01-24 14:00:00+00:00,2.48567471519846,-14.898446167407018,70.0
2025-01-24 15:00:00+00:00,2.4315668257275287,-12.69601424145127,70.0
2025-01-24 16:00:00+00:00,2.1335304121087963,-26.306054989807734,70.0
2025-01-24 17:00:00+00:00,2.451067851918256,-26.612270998515243,70.0
2025-01-24 18:00:00+00:00,2.5725012530653957,-6.644931474531514,70.0
2025-01-24 19:00:00+00:00,1.8698125607046021,1.1299633529177484,70.0
2025-01-24 20:00:00+00:00,1.8923318046771698,2.204429537287517,70.0
2025-01-24 21:00:00+00:00,2.0787331204805017,-2.8301981545076096,70.0
2025-01-24 22:00:00+00:00,1.6749490712126,-7.319322710111393,70.0
2025-01-24 23:00:00+00:00,1.8361233140706914,-29.064915147909343,70.0
2025-01-25 00:00:00+00:00,1.1669059057382623,-26.50721263573955,70.0
2025-01-25 01:00:00+00:00,1.9266536604574345,-18.12223729820622,70.0
2025-01-25 02:00:00+00:00,2.6042959699642787,-34.11598582394825,70.0
2025-01-25 03:00:00+00:00,2.4978225043145823,-40.64783503053744,70.0
2025-01-25 04:00:00+00:00,2.70465854801839,-52.009524652260914,70.0
2025-01-25 05:00:00+00:00,1.5144646377175328,-61.22284610730333,70.0
2025-01-25 06:00:00+00:00,1.0105675756989898,-60.06357291693826,70.0
2025-01-25 07:00:00+00:00,0.9631497368379756,-80.30632300848424,70.0
2025-01-25 08:00:00+00:00,0.5289257392826472,-73.15749216474391,70.0
2025-01-25 09:00:00+00:00,1.0096776936338445,-64.75579162211221,70.0
2025-01-25 10:00:00+00:00,2.1078420743261495,-66.57170167003909,70.0
2025-01-25 11:00:00+00:00,1.564142610895191,-90.64735273648373,70.0
2025-01-25 12:00:00+00:00,1.217203778307835,-99.39859194177795,70.0
2025-01-25 13:00:00+00:00,1.4240677735474085,-85.68160076191543,70.0
2025-01-25 14:00:00+00:00,2.3084224591198486,-112.34791155396285,70.0
2025-01-25 15:00:00+00:00,1.7318141798939046,-114.17618744481878,70.0
2025-01-25 16:00:00+00:00,1.9197415320526805,-124.29267148059499,70.0
2025-01-25 17:00:00+00:00,2.884403880856601,-114.36111503513473,70.0
2025-01-25 18:00:00+00:00,2.0643041127241375,-119.42503225586664,70.0
2025-01-25 19:00:00+00:00,1.4705543036650144,-113.59699140339319,70.0
2025-01-25 20:00:00+00:00,1.3352232852513446,-106.27044738363439,70.0
2025-01-25 21:00:00+00:00,1.158167914561072,-86.38278003866151,70.0
2025-01-25 22:00:00+00:00,1.6565601627098405,-87.28454387464198,70.0
2025-01-25 23:00:00+00:00,1.8445620144847674,-82.37840930092304,70.0
2025-01-26 00:00:00+00:00,1.014852883939465,-96.18139590617893,70.0
2025-01-26 01:00:00+00:00,1.3718154411928971,-82.95363235511792,70.0
2025-01-26 02:00:00+00:00,1.1644552254554272,-89.4996481887292,70.0
2025-01-26 03:00:00+00:00,1.8934560726532754,-93.91719686583207,70.0
2025-01-26 04:00:00+00:00,1.6349895008021518,-92.86133087700753,70.0
2025-01-26 05:00:00+00:00,1.3849323842109262,-107.23294771286588,70.0
2025-01-26 06:00:00+00:00,1.7362515704026458,-103.40058846931919,70.0
2025-01-26 07:00:00+00:00,2.1809022330509817,-92.2579139706827,70.0
2025-01-26 08:00:00+00:00,2.4459068033665345,-88.08341745629613,70.0
2025-01-26 09:00:00+00:00,1.630812804505804,-102.81072474895745,70.0
2025-01-26 10:00:00+00:00,1.9682893842446392,-102.5926031972749,70.0
2025-01-26 11:00:00+00:00,1.5027208891952077,-93.72046210353449,70.0
2025-01-26 12:00:00+00:00,1.6952229005295791,-111.22594052112288,70.0
2025-01-26 13:00:00+00:00,1.0485945378035701,-120.34908184887756,70.0
2025-01-26 14:00:00+00:00,1.3693258846849234,-109.7766641710848,70.0
2025-01-26 15:00:00+00:00,1.047560138296991,-105.48017654569024,70.0
2025-01-26 16:00:00+00:00,0.5038648062518805,-99.8508571935089,70.0
2025-01-26 17:00:00+00:00,0.9855816341804866,-79.8588919734056,70.66825131453734
2025-01-26 18:00:00+00:00,1.207124813309838,-74.17618634887546,74.17134086142724
2025-01-26 19:00:00+00:00,0.9897801719478974,-66.71378251756616,72.2774926839914
2025-01-26 20:00:00+00:00,1.8158805878610347,-38.872051595031586,70.0
2025-01-26 21:00:00+00:00,1.6547603476831119,-40.832656144035866,70.0
2025-01-26 22:00:00+00:00,1.7380761672844236,-48.5948306573401,70.0
2025-01-26 23:00:00+00:00,1.9356290827595029,-43.94497006172197,70.0
2025-01-27 00:00:00+00:00,1.679014661557221,-39.276160366598575,70.0
2025-01-27 01:00:00+00:00,1.9806320751793247,-44.35779107872869,70.0
2025-01-27 02:00:00+00:00,1.7648742978379963,-54.39460545270259,70.0
2025-01-27 03:00:00+00:00,1.6208114218379919,-30.80826912274776,70.0
2025-01-27 04:00:00+00:00,2.3710921706477626,-27.523669036412574,70.0
2025-01-27 05:00:00+00:00,1.8822445358591582,-34.89604946970508,70.0
2025-01-27 06:00:00+00:00,0.7317421436014553,-25.638825457514994,70.0
2025-01-27 07:00:00+00:00,1.6506235339273296,-26.81750046397804,71.86596974178377
2025-01-27 08:00:00+00:00,2.992756333534465,-29.409964917876792,71.47334997547702
2025-01-27 09:00:00+00:00,2.7904838841330757,-23.799036900374322,70.35236758974192
2025-01-27 10:00:00+00:00,1.832540669616329,-36.841878844683734,70.0
2025-01-27 11:00:00+00:00,1.735671648037541,-33.178769228618336,70.0
2025-01-27 12:00:00+00:00,1.6557765907153292,-13.985645766728446,70.0
2025-01-27 13:00:00+00:00,1.6280258406684343,-9.64415622942077,70.0
2025-01-27 14:00:00+00:00,1.1399305276740885,-13.813394142667,70.0
2025-01-27 15:00:00+00:00,1.5227145725286229,-19.20817906409608,70.0
2025-01-27 16:00:00+00:00,1.8588325315452348,-23.527415216265254,70.0
2025-01-27 17:00:00+00:00,1.1686880950583198,-26.196493692417757,70.0
2025-01-27 18:00:00+00:00,1.609852056152848,-30.050629146152122,70.0
2025-01-27 19:00:00+00:00,2.705701944318151,-20.886502152483413,70.0
2025-01-27 20:00:00+00:00,2.8063970133207734,-38.40086314152357,70.0
2025-01-27 21:00:00+00:00,2.647414581620482,-29.612845374571766,70.0
2025-01-27 22:00:00+00:00,2.594042245335697,-33.41745371850594,70.0
2025-01-27 23:00:00+00:00,2.921968516553193,-29.5796267871821,70.0
2025-01-28 00:00:00+00:00,2.060534287971924,-40.857913353447096,70.0
2025-01-28 01:00:00+00:00,2.189702925061979,-27.35444441788379,70.0
2025-01-28 02:00:00+00:00,2.034985804077475,-14.951005927807385,70.0
2025-01-28 03:00:00+00:00,3.007149020351624,-5.656080551750502,70.0
2025-01-28 04:00:00+00:00,2.919705202431564,-21.290506698650887,70.0
2025-01-28 05:00:00+00:00,3.7576637478697457,-13.173485854017336,70.0
2025-01-28 06:00:00+00:00,3.1679102115852547,-9.4614652605799,70.0
2025-01-28 07:00:00+00:00,3.4531442844073883,-25.92494842669398,70.0
2025-01-28 08:00:00+00:00,3.590187202082633,-26.249423295868255,70.0
2025-01-28 09:00:00+00:00,3.12615421804611,-22.679089939618265,70.0
2025-01-28 10:00:00+00:00,3.208544564462275,-17.264755402594393,70.0
2025-01-28 11:00:00+00:00,3.804376754654961,-15.746846625053948,70.90152135762915
2025-01-28 12:00:00+00:00,3.602262064778913,-13.119595524079074,70.0
2025-01-28 13:00:00+00:00,2.7261676369550853,1.2789103089334617,70.0
2025-01-28 14:00:00+00:00,2.7310778418686086,12.91367120186159,70.0
2025-01-28 15:00:00+00:00,2.2933124023789215,-16.61515176000308,70.0
2025-01-28 16:00:00+00:00,2.1574763129280345,-20.057234273179837,70.0
2025-01-28 17:00:00+00:00,2.158808612439072,-21.902599863155757,70.0
2025-01-28 18:00:00+00:00,1.34804207380936,-39.58553359316235,70.0
2025-01-28 19:00:00+00:00,0.6228108004585531,-38.451992338975984,70.0
2025-01-28 20:00:00+00:00,0.982703678198388,-25.7953747680914,70.0
2025-01-28 21:00:00+00:00,0.8222091462036287,-36.745145868635475,70.0
2025-01-28 22:00:00+00:00,0.0,-33.24623356436404,70.0
2025-01-28 23:00:00+00:00,0.20871221038807342,-42.33954366604114,70.0
2025-01-29 00:00:00+00:00,0.4844614775057896,-48.81187302951709,70.0
2025-01-29 01:00:00+00:00,0.2533009916122584,-33.66169922722639,70.0
2025-01-29 02:00:00+00:00,0.0,-39.01404344380011,70.0
2025-01-29 03:00:00+00:00,0.31351374283456757,-34.211637684817866,72.68309757557202
2025-01-29 04:00:00+00:00,0.6225133669730538,-52.83958609173138,74.27766559443972
2025-01-29 05:00:00+00:00,1.9326888399664377,-33.75961875594795,77.31870461067277
2025-01-29 06:00:00+00:00,2.1961486973305844,-27.657901917764,76.60198968673247
2025-01-29 07:00:00+00:00,2.4301928330950626,-29.529742305911334,77.49881339634608
2025-01-29 08:00:00+00:00,2.3752192263860272,-23.783682359794163,78.61574961767147
2025-01-29 09:00:00+00:00,2.814846198667121,-38.00620300207638,80.26533818289246
2025-01-29 10:00:00+00:00,3.136646489357842,-26.02077152450828,84.69430441028125
2025-01-29 11:00:00+00:00,3.7556766691725474,-29.34020384898242,88.01457242451866
2025-01-29 12:00:00+00:00,3.4572313763952778,-31.394094922487117,88.7640129496369
2025-01-29 13:00:00+00:00,3.2166660711035324,-36.282769173692216,85.24340857909868
2025-01-29 14:00:00+00:00,2.9662811820923656,-41.96362781767422,86.12481069160714
2025-01-29 15:00:00+00:00,3.363367983577242,-34.77764914503665,86.52377782493603
2025-01-29 16:00:00+00:00,4.094386804546746,-32.12302766109369,88.02716419231824
2025-01-29 17:00:00+00:00,3.810247217744758,-25.563085693841415,99.5901695106748
2025-01-29 18:00:00+00:00,3.557347992960975,-25.7397708748203,97.44428662020661
2025-01-29 19:00:00+00:00,3.6865192052478255,-20.692977346552084,100.039859378699
2025-01-29 20:00:00+00:00,3.5293124949789836,-25.067605238871426,105.85373676016886
2025-01-29 21:00:00+00:00,3.978873696799979,-2.8689347199985136,106.78666123518204
2025-01-29 22:00:00+00:00,2.804041366650457,-19.09086018990353,118.9145543593593
2025-01-29 23:00:00+00:00,2.4004867748594867,-6.699669750475614,117.40280320957272
2025-01-30 00:00:00+00:00,2.0392542691357893,6.513398151743601,119.40967063196793
2025-01-30 01:00:00+00:00,0.9271135494859277,-2.738457870947208,115.79244612736126
2025-01-30 02:00:00+00:00,0.5489386498272295,19.00904739203147,114.4301300402013
2025-01-30 03:00:00+00:00,0.21391365941290497,20.0,116.07733600735216
2025-01-30 04:00:00+00:00,0.25266564918284473,20.0,120.70357395039787
2025-01-30 05:00:00+00:00,0.9465153125538346,20.0,122.67105180848279
2025-01-30 06:00:00+00:00,0.9266592213307918,20.0,129.32920960000837
2025-01-30 07:00:00+00:00,0.5149194001286754,20.0,129.1840930491145
2025-01-30 08:00:00+00:00,0.6106961595154772,20.0,127.85410323091868
2025-01-30 09:00:00+00:00,1.2547481622603782,20.0,141.71194879358103
2025-01-30 10:00:00+00:00,0.8540313460899069,20.0,143.95218508541856
2025-01-30 11:00:00+00:00,0.5060423368246876,20.0,140.61304146486927
2025-01-30 12:00:00+00:00,0.9100146996205649,20.0,137.41709972725033
2025-01-30 13:00:00+00:00,0.9037459067741365,20.0,132.99547418307836
2025-01-30 14:00:00+00:00,1.332300956790167,20.0,137.99262036474315
2025-01-30 15:00:00+00:00,1.4088625130530101,20.0,136.4604648179247
2025-01-30 16:00:00+00:00,1.8392512114451431,20.0,137.39508613776425
2025-01-30 17:00:00+00:00,1.3797495938525657,20.0,137.37109584670605
2025-01-30 18:00:00+00:00,1.4547197887658037,20.0,141.32264816517443
2025-01-30 19:00:00+00:00,1.4266387921459351,16.147706372770273,137.3636774641009
2025-01-30 20:00:00+00:00,0.8973613904865729,17.594238360774362,132.28077789641304
2025-01-30 21:00:00+00:00,0.2207543470279001,15.807865761292938,133.7230580393619
2025-01-30 22:00:00+00:00,0.7025911473138362,10.491831400769989,137.04185391536276
2025-01-30 23:00:00+00:00,0.6419853988391555,-19.874193470696113,139.00233820014756
